keyword,date,ratio,source,collected_at
AI보안,2026-03-23,17.0,google,2026-06-23 10:59:40
기업보안,2026-03-23,0.0,google,2026-06-23 10:59:40
사이버보안,2026-03-23,0.0,google,2026-06-23 10:59:40
생성형AI,2026-03-23,69.0,google,2026-06-23 10:59:40
정보보안,2026-03-23,53.0,google,2026-06-23 10:59:40
AI보안,2026-03-24,32.0,google,2026-06-23 10:59:40
기업보안,2026-03-24,0.0,google,2026-06-23 10:59:40
사이버보안,2026-03-24,14.0,google,2026-06-23 10:59:40
생성형AI,2026-03-24,63.0,google,2026-06-23 10:59:40
정보보안,2026-03-24,44.0,google,2026-06-23 10:59:40
AI보안,2026-03-25,21.0,google,2026-06-23 10:59:40
기업보안,2026-03-25,0.0,google,2026-06-23 10:59:40
사이버보안,2026-03-25,21.0,google,2026-06-23 10:59:40
생성형AI,2026-03-25,61.0,google,2026-06-23 10:59:40
정보보안,2026-03-25,53.0,google,2026-06-23 10:59:40
AI보안,2026-03-26,31.0,google,2026-06-23 10:59:40
기업보안,2026-03-26,0.0,google,2026-06-23 10:59:40
사이버보안,2026-03-26,0.0,google,2026-06-23 10:59:40
생성형AI,2026-03-26,54.0,google,2026-06-23 10:59:40
정보보안,2026-03-26,35.0,google,2026-06-23 10:59:40
AI보안,2026-03-27,24.0,google,2026-06-23 10:59:40
기업보안,2026-03-27,0.0,google,2026-06-23 10:59:40
사이버보안,2026-03-27,0.0,google,2026-06-23 10:59:40
생성형AI,2026-03-27,37.0,google,2026-06-23 10:59:40
정보보안,2026-03-27,35.0,google,2026-06-23 10:59:40
AI보안,2026-03-28,0.0,google,2026-06-23 10:59:40
기업보안,2026-03-28,0.0,google,2026-06-23 10:59:40
사이버보안,2026-03-28,0.0,google,2026-06-23 10:59:40
생성형AI,2026-03-28,22.0,google,2026-06-23 10:59:40
정보보안,2026-03-28,32.0,google,2026-06-23 10:59:40
AI보안,2026-03-29,0.0,google,2026-06-23 10:59:40
기업보안,2026-03-29,0.0,google,2026-06-23 10:59:40
사이버보안,2026-03-29,0.0,google,2026-06-23 10:59:40
생성형AI,2026-03-29,46.0,google,2026-06-23 10:59:40
정보보안,2026-03-29,29.0,google,2026-06-23 10:59:40
AI보안,2026-03-30,24.0,google,2026-06-23 10:59:40
기업보안,2026-03-30,0.0,google,2026-06-23 10:59:40
사이버보안,2026-03-30,0.0,google,2026-06-23 10:59:40
생성형AI,2026-03-30,40.0,google,2026-06-23 10:59:40
정보보안,2026-03-30,44.0,google,2026-06-23 10:59:40
AI보안,2026-03-31,19.0,google,2026-06-23 10:59:40
기업보안,2026-03-31,0.0,google,2026-06-23 10:59:40
사이버보안,2026-03-31,15.0,google,2026-06-23 10:59:40
생성형AI,2026-03-31,42.0,google,2026-06-23 10:59:40
정보보안,2026-03-31,37.0,google,2026-06-23 10:59:40
AI보안,2026-04-01,0.0,google,2026-06-23 10:59:40
기업보안,2026-04-01,0.0,google,2026-06-23 10:59:40
사이버보안,2026-04-01,0.0,google,2026-06-23 10:59:40
생성형AI,2026-04-01,62.0,google,2026-06-23 10:59:40
정보보안,2026-04-01,35.0,google,2026-06-23 10:59:40
AI보안,2026-04-02,18.0,google,2026-06-23 10:59:40
기업보안,2026-04-02,0.0,google,2026-06-23 10:59:40
사이버보안,2026-04-02,14.0,google,2026-06-23 10:59:40
생성형AI,2026-04-02,61.0,google,2026-06-23 10:59:40
정보보안,2026-04-02,48.0,google,2026-06-23 10:59:40
AI보안,2026-04-03,15.0,google,2026-06-23 10:59:40
기업보안,2026-04-03,0.0,google,2026-06-23 10:59:40
사이버보안,2026-04-03,0.0,google,2026-06-23 10:59:40
생성형AI,2026-04-03,48.0,google,2026-06-23 10:59:40
정보보안,2026-04-03,50.0,google,2026-06-23 10:59:40
AI보안,2026-04-04,0.0,google,2026-06-23 10:59:40
기업보안,2026-04-04,0.0,google,2026-06-23 10:59:40
사이버보안,2026-04-04,0.0,google,2026-06-23 10:59:40
생성형AI,2026-04-04,30.0,google,2026-06-23 10:59:40
정보보안,2026-04-04,21.0,google,2026-06-23 10:59:40
AI보안,2026-04-05,26.0,google,2026-06-23 10:59:40
기업보안,2026-04-05,0.0,google,2026-06-23 10:59:40
사이버보안,2026-04-05,0.0,google,2026-06-23 10:59:40
생성형AI,2026-04-05,51.0,google,2026-06-23 10:59:40
정보보안,2026-04-05,28.0,google,2026-06-23 10:59:40
AI보안,2026-04-06,23.0,google,2026-06-23 10:59:40
기업보안,2026-04-06,0.0,google,2026-06-23 10:59:40
사이버보안,2026-04-06,15.0,google,2026-06-23 10:59:40
생성형AI,2026-04-06,43.0,google,2026-06-23 10:59:40
정보보안,2026-04-06,41.0,google,2026-06-23 10:59:40
AI보안,2026-04-07,19.0,google,2026-06-23 10:59:40
기업보안,2026-04-07,0.0,google,2026-06-23 10:59:40
사이버보안,2026-04-07,0.0,google,2026-06-23 10:59:40
생성형AI,2026-04-07,56.0,google,2026-06-23 10:59:40
정보보안,2026-04-07,40.0,google,2026-06-23 10:59:40
AI보안,2026-04-08,25.0,google,2026-06-23 10:59:40
기업보안,2026-04-08,13.0,google,2026-06-23 10:59:40
사이버보안,2026-04-08,14.0,google,2026-06-23 10:59:40
생성형AI,2026-04-08,45.0,google,2026-06-23 10:59:40
정보보안,2026-04-08,45.0,google,2026-06-23 10:59:40
AI보안,2026-04-09,23.0,google,2026-06-23 10:59:40
기업보안,2026-04-09,0.0,google,2026-06-23 10:59:40
사이버보안,2026-04-09,0.0,google,2026-06-23 10:59:40
생성형AI,2026-04-09,45.0,google,2026-06-23 10:59:40
정보보안,2026-04-09,37.0,google,2026-06-23 10:59:40
AI보안,2026-04-10,19.0,google,2026-06-23 10:59:40
기업보안,2026-04-10,0.0,google,2026-06-23 10:59:40
사이버보안,2026-04-10,0.0,google,2026-06-23 10:59:40
생성형AI,2026-04-10,39.0,google,2026-06-23 10:59:40
정보보안,2026-04-10,55.0,google,2026-06-23 10:59:40
AI보안,2026-04-11,0.0,google,2026-06-23 10:59:40
기업보안,2026-04-11,0.0,google,2026-06-23 10:59:40
사이버보안,2026-04-11,0.0,google,2026-06-23 10:59:40
생성형AI,2026-04-11,22.0,google,2026-06-23 10:59:40
정보보안,2026-04-11,39.0,google,2026-06-23 10:59:40
AI보안,2026-04-12,0.0,google,2026-06-23 10:59:40
기업보안,2026-04-12,0.0,google,2026-06-23 10:59:40
사이버보안,2026-04-12,0.0,google,2026-06-23 10:59:40
생성형AI,2026-04-12,31.0,google,2026-06-23 10:59:40
정보보안,2026-04-12,30.0,google,2026-06-23 10:59:40
AI보안,2026-04-13,26.0,google,2026-06-23 10:59:40
기업보안,2026-04-13,0.0,google,2026-06-23 10:59:40
사이버보안,2026-04-13,0.0,google,2026-06-23 10:59:40
생성형AI,2026-04-13,61.0,google,2026-06-23 10:59:40
정보보안,2026-04-13,66.0,google,2026-06-23 10:59:40
AI보안,2026-04-14,34.0,google,2026-06-23 10:59:40
기업보안,2026-04-14,0.0,google,2026-06-23 10:59:40
사이버보안,2026-04-14,17.0,google,2026-06-23 10:59:40
생성형AI,2026-04-14,49.0,google,2026-06-23 10:59:40
정보보안,2026-04-14,50.0,google,2026-06-23 10:59:40
AI보안,2026-04-15,27.0,google,2026-06-23 10:59:40
기업보안,2026-04-15,0.0,google,2026-06-23 10:59:40
사이버보안,2026-04-15,17.0,google,2026-06-23 10:59:40
생성형AI,2026-04-15,48.0,google,2026-06-23 10:59:40
정보보안,2026-04-15,43.0,google,2026-06-23 10:59:40
AI보안,2026-04-16,46.0,google,2026-06-23 10:59:40
기업보안,2026-04-16,18.0,google,2026-06-23 10:59:40
사이버보안,2026-04-16,16.0,google,2026-06-23 10:59:40
생성형AI,2026-04-16,43.0,google,2026-06-23 10:59:40
정보보안,2026-04-16,58.0,google,2026-06-23 10:59:40
AI보안,2026-04-17,32.0,google,2026-06-23 10:59:40
기업보안,2026-04-17,0.0,google,2026-06-23 10:59:40
사이버보안,2026-04-17,0.0,google,2026-06-23 10:59:40
생성형AI,2026-04-17,44.0,google,2026-06-23 10:59:40
정보보안,2026-04-17,43.0,google,2026-06-23 10:59:40
AI보안,2026-04-18,15.0,google,2026-06-23 10:59:40
기업보안,2026-04-18,0.0,google,2026-06-23 10:59:40
사이버보안,2026-04-18,0.0,google,2026-06-23 10:59:40
생성형AI,2026-04-18,31.0,google,2026-06-23 10:59:40
정보보안,2026-04-18,39.0,google,2026-06-23 10:59:40
AI보안,2026-04-19,24.0,google,2026-06-23 10:59:40
기업보안,2026-04-19,13.0,google,2026-06-23 10:59:40
사이버보안,2026-04-19,18.0,google,2026-06-23 10:59:40
생성형AI,2026-04-19,36.0,google,2026-06-23 10:59:40
정보보안,2026-04-19,30.0,google,2026-06-23 10:59:40
AI보안,2026-04-20,28.0,google,2026-06-23 10:59:40
기업보안,2026-04-20,0.0,google,2026-06-23 10:59:40
사이버보안,2026-04-20,18.0,google,2026-06-23 10:59:40
생성형AI,2026-04-20,56.0,google,2026-06-23 10:59:40
정보보안,2026-04-20,64.0,google,2026-06-23 10:59:40
AI보안,2026-04-21,34.0,google,2026-06-23 10:59:40
기업보안,2026-04-21,0.0,google,2026-06-23 10:59:40
사이버보안,2026-04-21,16.0,google,2026-06-23 10:59:40
생성형AI,2026-04-21,52.0,google,2026-06-23 10:59:40
정보보안,2026-04-21,52.0,google,2026-06-23 10:59:40
AI보안,2026-04-22,34.0,google,2026-06-23 10:59:40
기업보안,2026-04-22,0.0,google,2026-06-23 10:59:40
사이버보안,2026-04-22,16.0,google,2026-06-23 10:59:40
생성형AI,2026-04-22,52.0,google,2026-06-23 10:59:40
정보보안,2026-04-22,50.0,google,2026-06-23 10:59:40
AI보안,2026-04-23,31.0,google,2026-06-23 10:59:40
기업보안,2026-04-23,0.0,google,2026-06-23 10:59:40
사이버보안,2026-04-23,0.0,google,2026-06-23 10:59:40
생성형AI,2026-04-23,47.0,google,2026-06-23 10:59:40
정보보안,2026-04-23,39.0,google,2026-06-23 10:59:40
AI보안,2026-04-24,28.0,google,2026-06-23 10:59:40
기업보안,2026-04-24,15.0,google,2026-06-23 10:59:40
사이버보안,2026-04-24,0.0,google,2026-06-23 10:59:40
생성형AI,2026-04-24,55.0,google,2026-06-23 10:59:40
정보보안,2026-04-24,36.0,google,2026-06-23 10:59:40
AI보안,2026-04-25,21.0,google,2026-06-23 10:59:40
기업보안,2026-04-25,0.0,google,2026-06-23 10:59:40
사이버보안,2026-04-25,0.0,google,2026-06-23 10:59:40
생성형AI,2026-04-25,21.0,google,2026-06-23 10:59:40
정보보안,2026-04-25,20.0,google,2026-06-23 10:59:40
AI보안,2026-04-26,15.0,google,2026-06-23 10:59:40
기업보안,2026-04-26,0.0,google,2026-06-23 10:59:40
사이버보안,2026-04-26,0.0,google,2026-06-23 10:59:40
생성형AI,2026-04-26,35.0,google,2026-06-23 10:59:40
정보보안,2026-04-26,20.0,google,2026-06-23 10:59:40
AI보안,2026-04-27,38.0,google,2026-06-23 10:59:40
기업보안,2026-04-27,0.0,google,2026-06-23 10:59:40
사이버보안,2026-04-27,0.0,google,2026-06-23 10:59:40
생성형AI,2026-04-27,65.0,google,2026-06-23 10:59:40
정보보안,2026-04-27,49.0,google,2026-06-23 10:59:40
AI보안,2026-04-28,42.0,google,2026-06-23 10:59:40
기업보안,2026-04-28,0.0,google,2026-06-23 10:59:40
사이버보안,2026-04-28,12.0,google,2026-06-23 10:59:40
생성형AI,2026-04-28,53.0,google,2026-06-23 10:59:40
정보보안,2026-04-28,81.0,google,2026-06-23 10:59:40
AI보안,2026-04-29,23.0,google,2026-06-23 10:59:40
기업보안,2026-04-29,13.0,google,2026-06-23 10:59:40
사이버보안,2026-04-29,0.0,google,2026-06-23 10:59:40
생성형AI,2026-04-29,65.0,google,2026-06-23 10:59:40
정보보안,2026-04-29,49.0,google,2026-06-23 10:59:40
AI보안,2026-04-30,19.0,google,2026-06-23 10:59:40
기업보안,2026-04-30,0.0,google,2026-06-23 10:59:40
사이버보안,2026-04-30,0.0,google,2026-06-23 10:59:40
생성형AI,2026-04-30,61.0,google,2026-06-23 10:59:40
정보보안,2026-04-30,45.0,google,2026-06-23 10:59:40
AI보안,2026-05-01,0.0,google,2026-06-23 10:59:40
기업보안,2026-05-01,0.0,google,2026-06-23 10:59:40
사이버보안,2026-05-01,0.0,google,2026-06-23 10:59:40
생성형AI,2026-05-01,38.0,google,2026-06-23 10:59:40
정보보안,2026-05-01,31.0,google,2026-06-23 10:59:40
AI보안,2026-05-02,17.0,google,2026-06-23 10:59:40
기업보안,2026-05-02,0.0,google,2026-06-23 10:59:40
사이버보안,2026-05-02,0.0,google,2026-06-23 10:59:40
생성형AI,2026-05-02,25.0,google,2026-06-23 10:59:40
정보보안,2026-05-02,37.0,google,2026-06-23 10:59:40
AI보안,2026-05-03,15.0,google,2026-06-23 10:59:40
기업보안,2026-05-03,0.0,google,2026-06-23 10:59:40
사이버보안,2026-05-03,0.0,google,2026-06-23 10:59:40
생성형AI,2026-05-03,41.0,google,2026-06-23 10:59:40
정보보안,2026-05-03,19.0,google,2026-06-23 10:59:40
AI보안,2026-05-04,29.0,google,2026-06-23 10:59:40
기업보안,2026-05-04,0.0,google,2026-06-23 10:59:40
사이버보안,2026-05-04,0.0,google,2026-06-23 10:59:40
생성형AI,2026-05-04,37.0,google,2026-06-23 10:59:40
정보보안,2026-05-04,34.0,google,2026-06-23 10:59:40
AI보안,2026-05-05,22.0,google,2026-06-23 10:59:40
기업보안,2026-05-05,0.0,google,2026-06-23 10:59:40
사이버보안,2026-05-05,0.0,google,2026-06-23 10:59:40
생성형AI,2026-05-05,61.0,google,2026-06-23 10:59:40
정보보안,2026-05-05,30.0,google,2026-06-23 10:59:40
AI보안,2026-05-06,54.0,google,2026-06-23 10:59:40
기업보안,2026-05-06,18.0,google,2026-06-23 10:59:40
사이버보안,2026-05-06,24.0,google,2026-06-23 10:59:40
생성형AI,2026-05-06,76.0,google,2026-06-23 10:59:40
정보보안,2026-05-06,64.0,google,2026-06-23 10:59:40
AI보안,2026-05-07,59.0,google,2026-06-23 10:59:40
기업보안,2026-05-07,0.0,google,2026-06-23 10:59:40
사이버보안,2026-05-07,20.0,google,2026-06-23 10:59:40
생성형AI,2026-05-07,63.0,google,2026-06-23 10:59:40
정보보안,2026-05-07,48.0,google,2026-06-23 10:59:40
AI보안,2026-05-08,41.0,google,2026-06-23 10:59:40
기업보안,2026-05-08,0.0,google,2026-06-23 10:59:40
사이버보안,2026-05-08,20.0,google,2026-06-23 10:59:40
생성형AI,2026-05-08,78.0,google,2026-06-23 10:59:40
정보보안,2026-05-08,69.0,google,2026-06-23 10:59:40
AI보안,2026-05-09,26.0,google,2026-06-23 10:59:40
기업보안,2026-05-09,0.0,google,2026-06-23 10:59:40
사이버보안,2026-05-09,0.0,google,2026-06-23 10:59:40
생성형AI,2026-05-09,45.0,google,2026-06-23 10:59:40
정보보안,2026-05-09,18.0,google,2026-06-23 10:59:40
AI보안,2026-05-10,35.0,google,2026-06-23 10:59:40
기업보안,2026-05-10,0.0,google,2026-06-23 10:59:40
사이버보안,2026-05-10,0.0,google,2026-06-23 10:59:40
생성형AI,2026-05-10,69.0,google,2026-06-23 10:59:40
정보보안,2026-05-10,43.0,google,2026-06-23 10:59:40
AI보안,2026-05-11,65.0,google,2026-06-23 10:59:40
기업보안,2026-05-11,0.0,google,2026-06-23 10:59:40
사이버보안,2026-05-11,29.0,google,2026-06-23 10:59:40
생성형AI,2026-05-11,88.0,google,2026-06-23 10:59:40
정보보안,2026-05-11,100.0,google,2026-06-23 10:59:40
AI보안,2026-05-12,46.0,google,2026-06-23 10:59:40
기업보안,2026-05-12,0.0,google,2026-06-23 10:59:40
사이버보안,2026-05-12,12.0,google,2026-06-23 10:59:40
생성형AI,2026-05-12,64.0,google,2026-06-23 10:59:40
정보보안,2026-05-12,69.0,google,2026-06-23 10:59:40
AI보안,2026-05-13,50.0,google,2026-06-23 10:59:40
기업보안,2026-05-13,13.0,google,2026-06-23 10:59:40
사이버보안,2026-05-13,17.0,google,2026-06-23 10:59:40
생성형AI,2026-05-13,80.0,google,2026-06-23 10:59:40
정보보안,2026-05-13,63.0,google,2026-06-23 10:59:40
AI보안,2026-05-14,41.0,google,2026-06-23 10:59:40
기업보안,2026-05-14,0.0,google,2026-06-23 10:59:40
사이버보안,2026-05-14,24.0,google,2026-06-23 10:59:40
생성형AI,2026-05-14,82.0,google,2026-06-23 10:59:40
정보보안,2026-05-14,66.0,google,2026-06-23 10:59:40
AI보안,2026-05-15,25.0,google,2026-06-23 10:59:40
기업보안,2026-05-15,0.0,google,2026-06-23 10:59:40
사이버보안,2026-05-15,16.0,google,2026-06-23 10:59:40
생성형AI,2026-05-15,67.0,google,2026-06-23 10:59:40
정보보안,2026-05-15,53.0,google,2026-06-23 10:59:40
AI보안,2026-05-16,0.0,google,2026-06-23 10:59:40
기업보안,2026-05-16,0.0,google,2026-06-23 10:59:40
사이버보안,2026-05-16,0.0,google,2026-06-23 10:59:40
생성형AI,2026-05-16,33.0,google,2026-06-23 10:59:40
정보보안,2026-05-16,33.0,google,2026-06-23 10:59:40
AI보안,2026-05-17,0.0,google,2026-06-23 10:59:40
기업보안,2026-05-17,0.0,google,2026-06-23 10:59:40
사이버보안,2026-05-17,0.0,google,2026-06-23 10:59:40
생성형AI,2026-05-17,46.0,google,2026-06-23 10:59:40
정보보안,2026-05-17,29.0,google,2026-06-23 10:59:40
AI보안,2026-05-18,36.0,google,2026-06-23 10:59:40
기업보안,2026-05-18,0.0,google,2026-06-23 10:59:40
사이버보안,2026-05-18,15.0,google,2026-06-23 10:59:40
생성형AI,2026-05-18,67.0,google,2026-06-23 10:59:40
정보보안,2026-05-18,53.0,google,2026-06-23 10:59:40
AI보안,2026-05-19,37.0,google,2026-06-23 10:59:40
기업보안,2026-05-19,13.0,google,2026-06-23 10:59:40
사이버보안,2026-05-19,0.0,google,2026-06-23 10:59:40
생성형AI,2026-05-19,61.0,google,2026-06-23 10:59:40
정보보안,2026-05-19,59.0,google,2026-06-23 10:59:40
AI보안,2026-05-20,35.0,google,2026-06-23 10:59:40
기업보안,2026-05-20,0.0,google,2026-06-23 10:59:40
사이버보안,2026-05-20,15.0,google,2026-06-23 10:59:40
생성형AI,2026-05-20,61.0,google,2026-06-23 10:59:40
정보보안,2026-05-20,49.0,google,2026-06-23 10:59:40
AI보안,2026-05-21,30.0,google,2026-06-23 10:59:40
기업보안,2026-05-21,0.0,google,2026-06-23 10:59:40
사이버보안,2026-05-21,29.0,google,2026-06-23 10:59:40
생성형AI,2026-05-21,76.0,google,2026-06-23 10:59:40
정보보안,2026-05-21,39.0,google,2026-06-23 10:59:40
AI보안,2026-05-22,31.0,google,2026-06-23 10:59:40
기업보안,2026-05-22,0.0,google,2026-06-23 10:59:40
사이버보안,2026-05-22,25.0,google,2026-06-23 10:59:40
생성형AI,2026-05-22,46.0,google,2026-06-23 10:59:40
정보보안,2026-05-22,41.0,google,2026-06-23 10:59:40
AI보안,2026-05-23,23.0,google,2026-06-23 10:59:40
기업보안,2026-05-23,0.0,google,2026-06-23 10:59:40
사이버보안,2026-05-23,0.0,google,2026-06-23 10:59:40
생성형AI,2026-05-23,45.0,google,2026-06-23 10:59:40
정보보안,2026-05-23,31.0,google,2026-06-23 10:59:40
AI보안,2026-05-24,27.0,google,2026-06-23 10:59:40
기업보안,2026-05-24,0.0,google,2026-06-23 10:59:40
사이버보안,2026-05-24,0.0,google,2026-06-23 10:59:40
생성형AI,2026-05-24,41.0,google,2026-06-23 10:59:40
정보보안,2026-05-24,37.0,google,2026-06-23 10:59:40
AI보안,2026-05-24,5.293,naver,2026-06-23 10:54:39
사이버보안,2026-05-24,3.59168,naver,2026-06-23 10:54:39
생성형AI,2026-05-24,36.862,naver,2026-06-23 10:54:39
정보보안,2026-05-24,2.45746,naver,2026-06-23 10:54:39
AI보안,2026-05-25,26.0,google,2026-06-23 10:59:40
기업보안,2026-05-25,0.0,google,2026-06-23 10:59:40
사이버보안,2026-05-25,0.0,google,2026-06-23 10:59:40
생성형AI,2026-05-25,59.0,google,2026-06-23 10:59:40
정보보안,2026-05-25,34.0,google,2026-06-23 10:59:40
AI보안,2026-05-25,5.10396,naver,2026-06-23 10:54:39
사이버보안,2026-05-25,5.293,naver,2026-06-23 10:54:39
생성형AI,2026-05-25,44.80151,naver,2026-06-23 10:54:39
정보보안,2026-05-25,2.83553,naver,2026-06-23 10:54:39
AI보안,2026-05-26,45.0,google,2026-06-23 10:59:40
기업보안,2026-05-26,0.0,google,2026-06-23 10:59:40
사이버보안,2026-05-26,24.0,google,2026-06-23 10:59:40
생성형AI,2026-05-26,73.0,google,2026-06-23 10:59:40
정보보안,2026-05-26,68.0,google,2026-06-23 10:59:40
AI보안,2026-05-26,8.50661,naver,2026-06-23 10:54:39
사이버보안,2026-05-26,9.45179,naver,2026-06-23 10:54:39
생성형AI,2026-05-26,94.13988,naver,2026-06-23 10:54:39
정보보안,2026-05-26,6.99432,naver,2026-06-23 10:54:39
AI보안,2026-05-27,42.0,google,2026-06-23 10:59:40
기업보안,2026-05-27,13.0,google,2026-06-23 10:59:40
사이버보안,2026-05-27,12.0,google,2026-06-23 10:59:40
생성형AI,2026-05-27,79.0,google,2026-06-23 10:59:40
정보보안,2026-05-27,68.0,google,2026-06-23 10:59:40
AI보안,2026-05-27,9.07372,naver,2026-06-23 10:54:39
사이버보안,2026-05-27,11.72022,naver,2026-06-23 10:54:39
생성형AI,2026-05-27,90.73724,naver,2026-06-23 10:54:39
정보보안,2026-05-27,10.0189,naver,2026-06-23 10:54:39
AI보안,2026-05-28,43.0,google,2026-06-23 10:59:40
기업보안,2026-05-28,15.0,google,2026-06-23 10:59:40
사이버보안,2026-05-28,25.0,google,2026-06-23 10:59:40
생성형AI,2026-05-28,73.0,google,2026-06-23 10:59:40
정보보안,2026-05-28,73.0,google,2026-06-23 10:59:40
AI보안,2026-05-28,10.20793,naver,2026-06-23 10:54:39
사이버보안,2026-05-28,10.58601,naver,2026-06-23 10:54:39
생성형AI,2026-05-28,92.62759,naver,2026-06-23 10:54:39
정보보안,2026-05-28,7.9395,naver,2026-06-23 10:54:39
AI보안,2026-05-29,31.0,google,2026-06-23 10:59:40
기업보안,2026-05-29,0.0,google,2026-06-23 10:59:40
사이버보안,2026-05-29,14.0,google,2026-06-23 10:59:40
생성형AI,2026-05-29,67.0,google,2026-06-23 10:59:40
정보보안,2026-05-29,41.0,google,2026-06-23 10:59:40
AI보안,2026-05-29,14.93383,naver,2026-06-23 10:54:39
사이버보안,2026-05-29,13.42155,naver,2026-06-23 10:54:39
생성형AI,2026-05-29,77.69376,naver,2026-06-23 10:54:39
정보보안,2026-05-29,7.9395,naver,2026-06-23 10:54:39
AI보안,2026-05-30,0.0,google,2026-06-23 10:59:40
기업보안,2026-05-30,0.0,google,2026-06-23 10:59:40
사이버보안,2026-05-30,0.0,google,2026-06-23 10:59:40
생성형AI,2026-05-30,39.0,google,2026-06-23 10:59:40
정보보안,2026-05-30,40.0,google,2026-06-23 10:59:40
AI보안,2026-05-30,6.99432,naver,2026-06-23 10:54:39
사이버보안,2026-05-30,9.82986,naver,2026-06-23 10:54:39
생성형AI,2026-05-30,52.36294,naver,2026-06-23 10:54:39
정보보안,2026-05-30,2.26843,naver,2026-06-23 10:54:39
AI보안,2026-05-31,20.0,google,2026-06-23 10:59:40
기업보안,2026-05-31,0.0,google,2026-06-23 10:59:40
사이버보안,2026-05-31,0.0,google,2026-06-23 10:59:40
생성형AI,2026-05-31,54.0,google,2026-06-23 10:59:40
정보보안,2026-05-31,33.0,google,2026-06-23 10:59:40
AI보안,2026-05-31,6.99432,naver,2026-06-23 10:54:39
사이버보안,2026-05-31,10.39697,naver,2026-06-23 10:54:39
생성형AI,2026-05-31,57.65595,naver,2026-06-23 10:54:39
정보보안,2026-05-31,2.6465,naver,2026-06-23 10:54:39
AI보안,2026-06-01,38.0,google,2026-06-23 10:59:40
기업보안,2026-06-01,14.0,google,2026-06-23 10:59:40
사이버보안,2026-06-01,28.0,google,2026-06-23 10:59:40
생성형AI,2026-06-01,84.0,google,2026-06-23 10:59:40
정보보안,2026-06-01,59.0,google,2026-06-23 10:59:40
AI보안,2026-06-01,12.28733,naver,2026-06-23 10:54:39
사이버보안,2026-06-01,15.3119,naver,2026-06-23 10:54:39
생성형AI,2026-06-01,86.95652,naver,2026-06-23 10:54:39
정보보안,2026-06-01,8.31758,naver,2026-06-23 10:54:39
AI보안,2026-06-02,37.0,google,2026-06-23 10:59:40
기업보안,2026-06-02,0.0,google,2026-06-23 10:59:40
사이버보안,2026-06-02,17.0,google,2026-06-23 10:59:40
생성형AI,2026-06-02,63.0,google,2026-06-23 10:59:40
정보보안,2026-06-02,51.0,google,2026-06-23 10:59:40
AI보안,2026-06-02,12.6654,naver,2026-06-23 10:54:39
사이버보안,2026-06-02,12.85444,naver,2026-06-23 10:54:39
생성형AI,2026-06-02,88.27977,naver,2026-06-23 10:54:39
정보보안,2026-06-02,7.9395,naver,2026-06-23 10:54:39
AI보안,2026-06-03,0.0,google,2026-06-23 10:59:40
기업보안,2026-06-03,0.0,google,2026-06-23 10:59:40
사이버보안,2026-06-03,0.0,google,2026-06-23 10:59:40
생성형AI,2026-06-03,32.0,google,2026-06-23 10:59:40
정보보안,2026-06-03,18.0,google,2026-06-23 10:59:40
AI보안,2026-06-03,6.23818,naver,2026-06-23 10:54:39
사이버보안,2026-06-03,6.99432,naver,2026-06-23 10:54:39
생성형AI,2026-06-03,49.14933,naver,2026-06-23 10:54:39
정보보안,2026-06-03,2.6465,naver,2026-06-23 10:54:39
AI보안,2026-06-04,22.0,google,2026-06-23 10:59:40
기업보안,2026-06-04,0.0,google,2026-06-23 10:59:40
사이버보안,2026-06-04,0.0,google,2026-06-23 10:59:40
생성형AI,2026-06-04,45.0,google,2026-06-23 10:59:40
정보보안,2026-06-04,49.0,google,2026-06-23 10:59:40
AI보안,2026-06-04,7.9395,naver,2026-06-23 10:54:39
사이버보안,2026-06-04,11.90926,naver,2026-06-23 10:54:39
생성형AI,2026-06-04,68.05293,naver,2026-06-23 10:54:39
정보보안,2026-06-04,6.04914,naver,2026-06-23 10:54:39
AI보안,2026-06-05,21.0,google,2026-06-23 10:59:40
기업보안,2026-06-05,0.0,google,2026-06-23 10:59:40
사이버보안,2026-06-05,0.0,google,2026-06-23 10:59:40
생성형AI,2026-06-05,48.0,google,2026-06-23 10:59:40
정보보안,2026-06-05,34.0,google,2026-06-23 10:59:40
AI보안,2026-06-05,6.80529,naver,2026-06-23 10:54:39
사이버보안,2026-06-05,8.88468,naver,2026-06-23 10:54:39
생성형AI,2026-06-05,76.74858,naver,2026-06-23 10:54:39
정보보안,2026-06-05,7.9395,naver,2026-06-23 10:54:39
AI보안,2026-06-06,29.0,google,2026-06-23 10:59:40
기업보안,2026-06-06,0.0,google,2026-06-23 10:59:40
사이버보안,2026-06-06,0.0,google,2026-06-23 10:59:40
생성형AI,2026-06-06,39.0,google,2026-06-23 10:59:40
정보보안,2026-06-06,24.0,google,2026-06-23 10:59:40
AI보안,2026-06-06,2.6465,naver,2026-06-23 10:54:39
사이버보안,2026-06-06,3.02457,naver,2026-06-23 10:54:39
생성형AI,2026-06-06,35.34971,naver,2026-06-23 10:54:39
정보보안,2026-06-06,2.83553,naver,2026-06-23 10:54:39
AI보안,2026-06-07,26.0,google,2026-06-23 10:59:40
기업보안,2026-06-07,0.0,google,2026-06-23 10:59:40
사이버보안,2026-06-07,0.0,google,2026-06-23 10:59:40
생성형AI,2026-06-07,64.0,google,2026-06-23 10:59:40
정보보안,2026-06-07,30.0,google,2026-06-23 10:59:40
AI보안,2026-06-07,3.02457,naver,2026-06-23 10:54:39
사이버보안,2026-06-07,5.86011,naver,2026-06-23 10:54:39
생성형AI,2026-06-07,55.00945,naver,2026-06-23 10:54:39
정보보안,2026-06-07,4.53686,naver,2026-06-23 10:54:39
AI보안,2026-06-08,38.0,google,2026-06-23 10:59:40
기업보안,2026-06-08,0.0,google,2026-06-23 10:59:40
사이버보안,2026-06-08,13.0,google,2026-06-23 10:59:40
생성형AI,2026-06-08,91.0,google,2026-06-23 10:59:40
정보보안,2026-06-08,51.0,google,2026-06-23 10:59:40
AI보안,2026-06-08,9.26275,naver,2026-06-23 10:54:39
사이버보안,2026-06-08,13.23251,naver,2026-06-23 10:54:39
생성형AI,2026-06-08,93.76181,naver,2026-06-23 10:54:39
정보보안,2026-06-08,9.07372,naver,2026-06-23 10:54:39
AI보안,2026-06-09,15.0,google,2026-06-23 10:59:40
기업보안,2026-06-09,2.0,google,2026-06-23 10:59:40
사이버보안,2026-06-09,9.0,google,2026-06-23 10:59:40
생성형AI,2026-06-09,37.0,google,2026-06-23 10:59:40
정보보안,2026-06-09,38.0,google,2026-06-23 10:59:40
AI보안,2026-06-09,8.69565,naver,2026-06-23 10:54:39
사이버보안,2026-06-09,10.96408,naver,2026-06-23 10:54:39
생성형AI,2026-06-09,99.43289,naver,2026-06-23 10:54:39
정보보안,2026-06-09,8.88468,naver,2026-06-23 10:54:39
AI보안,2026-06-10,13.0,google,2026-06-23 10:59:40
기업보안,2026-06-10,4.0,google,2026-06-23 10:59:40
사이버보안,2026-06-10,10.0,google,2026-06-23 10:59:40
생성형AI,2026-06-10,36.0,google,2026-06-23 10:59:40
정보보안,2026-06-10,32.0,google,2026-06-23 10:59:40
AI보안,2026-06-10,10.96408,naver,2026-06-23 10:54:39
사이버보안,2026-06-10,10.77504,naver,2026-06-23 10:54:39
생성형AI,2026-06-10,100.0,naver,2026-06-23 10:54:39
정보보안,2026-06-10,8.12854,naver,2026-06-23 10:54:39
AI보안,2026-06-11,12.0,google,2026-06-23 10:59:40
기업보안,2026-06-11,4.0,google,2026-06-23 10:59:40
사이버보안,2026-06-11,10.0,google,2026-06-23 10:59:40
생성형AI,2026-06-11,32.0,google,2026-06-23 10:59:40
정보보안,2026-06-11,33.0,google,2026-06-23 10:59:40
AI보안,2026-06-11,8.88468,naver,2026-06-23 10:54:39
사이버보안,2026-06-11,7.75047,naver,2026-06-23 10:54:39
생성형AI,2026-06-11,91.11531,naver,2026-06-23 10:54:39
정보보안,2026-06-11,7.3724,naver,2026-06-23 10:54:39
AI보안,2026-06-12,9.0,google,2026-06-23 10:59:40
기업보안,2026-06-12,3.0,google,2026-06-23 10:59:40
사이버보안,2026-06-12,8.0,google,2026-06-23 10:59:40
생성형AI,2026-06-12,24.0,google,2026-06-23 10:59:40
정보보안,2026-06-12,30.0,google,2026-06-23 10:59:40
AI보안,2026-06-12,7.75047,naver,2026-06-23 10:54:39
사이버보안,2026-06-12,9.64083,naver,2026-06-23 10:54:39
생성형AI,2026-06-12,74.29111,naver,2026-06-23 10:54:39
정보보안,2026-06-12,6.23818,naver,2026-06-23 10:54:39
AI보안,2026-06-13,6.0,google,2026-06-23 10:59:40
기업보안,2026-06-13,1.0,google,2026-06-23 10:59:40
사이버보안,2026-06-13,5.0,google,2026-06-23 10:59:40
생성형AI,2026-06-13,17.0,google,2026-06-23 10:59:40
정보보안,2026-06-13,17.0,google,2026-06-23 10:59:40
AI보안,2026-06-13,2.6465,naver,2026-06-23 10:54:39
사이버보안,2026-06-13,3.96975,naver,2026-06-23 10:54:39
생성형AI,2026-06-13,41.77693,naver,2026-06-23 10:54:39
정보보안,2026-06-13,3.21361,naver,2026-06-23 10:54:39
AI보안,2026-06-14,7.0,google,2026-06-23 10:59:40
기업보안,2026-06-14,2.0,google,2026-06-23 10:59:40
사이버보안,2026-06-14,4.0,google,2026-06-23 10:59:40
생성형AI,2026-06-14,21.0,google,2026-06-23 10:59:40
정보보안,2026-06-14,19.0,google,2026-06-23 10:59:40
AI보안,2026-06-14,3.96975,naver,2026-06-23 10:54:39
사이버보안,2026-06-14,8.50661,naver,2026-06-23 10:54:39
생성형AI,2026-06-14,46.31379,naver,2026-06-23 10:54:39
정보보안,2026-06-14,2.83553,naver,2026-06-23 10:54:39
AI보안,2026-06-15,12.0,google,2026-06-23 10:59:40
기업보안,2026-06-15,3.0,google,2026-06-23 10:59:40
사이버보안,2026-06-15,9.0,google,2026-06-23 10:59:40
생성형AI,2026-06-15,31.0,google,2026-06-23 10:59:40
정보보안,2026-06-15,35.0,google,2026-06-23 10:59:40
AI보안,2026-06-15,7.56143,naver,2026-06-23 10:54:39
사이버보안,2026-06-15,11.72022,naver,2026-06-23 10:54:39
생성형AI,2026-06-15,76.18147,naver,2026-06-23 10:54:39
정보보안,2026-06-15,7.75047,naver,2026-06-23 10:54:39
AI보안,2026-06-16,14.0,google,2026-06-23 10:59:40
기업보안,2026-06-16,3.0,google,2026-06-23 10:59:40
사이버보안,2026-06-16,11.0,google,2026-06-23 10:59:40
생성형AI,2026-06-16,31.0,google,2026-06-23 10:59:40
정보보안,2026-06-16,31.0,google,2026-06-23 10:59:40
AI보안,2026-06-16,8.69565,naver,2026-06-23 10:54:39
사이버보안,2026-06-16,13.61058,naver,2026-06-23 10:54:39
생성형AI,2026-06-16,79.20604,naver,2026-06-23 10:54:39
정보보안,2026-06-16,6.99432,naver,2026-06-23 10:54:39
AI보안,2026-06-17,13.0,google,2026-06-23 10:59:40
기업보안,2026-06-17,2.0,google,2026-06-23 10:59:40
사이버보안,2026-06-17,11.0,google,2026-06-23 10:59:40
생성형AI,2026-06-17,28.0,google,2026-06-23 10:59:40
정보보안,2026-06-17,30.0,google,2026-06-23 10:59:40
AI보안,2026-06-17,8.88468,naver,2026-06-23 10:54:39
사이버보안,2026-06-17,14.93383,naver,2026-06-23 10:54:39
생성형AI,2026-06-17,81.28544,naver,2026-06-23 10:54:39
정보보안,2026-06-17,9.26275,naver,2026-06-23 10:54:39
AI보안,2026-06-18,11.0,google,2026-06-23 10:59:40
기업보안,2026-06-18,3.0,google,2026-06-23 10:59:40
사이버보안,2026-06-18,9.0,google,2026-06-23 10:59:40
생성형AI,2026-06-18,23.0,google,2026-06-23 10:59:40
정보보안,2026-06-18,25.0,google,2026-06-23 10:59:40
AI보안,2026-06-18,9.82986,naver,2026-06-23 10:54:39
사이버보안,2026-06-18,10.20793,naver,2026-06-23 10:54:39
생성형AI,2026-06-18,73.91304,naver,2026-06-23 10:54:39
정보보안,2026-06-18,6.99432,naver,2026-06-23 10:54:39
AI보안,2026-06-19,9.0,google,2026-06-23 10:59:40
기업보안,2026-06-19,3.0,google,2026-06-23 10:59:40
사이버보안,2026-06-19,6.0,google,2026-06-23 10:59:40
생성형AI,2026-06-19,21.0,google,2026-06-23 10:59:40
정보보안,2026-06-19,27.0,google,2026-06-23 10:59:40
AI보안,2026-06-19,8.50661,naver,2026-06-23 10:54:39
사이버보안,2026-06-19,8.50661,naver,2026-06-23 10:54:39
생성형AI,2026-06-19,62.19281,naver,2026-06-23 10:54:39
정보보안,2026-06-19,6.04914,naver,2026-06-23 10:54:39
AI보안,2026-06-20,5.0,google,2026-06-23 10:59:40
기업보안,2026-06-20,1.0,google,2026-06-23 10:59:40
사이버보안,2026-06-20,3.0,google,2026-06-23 10:59:40
생성형AI,2026-06-20,15.0,google,2026-06-23 10:59:40
정보보안,2026-06-20,16.0,google,2026-06-23 10:59:40
AI보안,2026-06-20,1.51228,naver,2026-06-23 10:54:39
사이버보안,2026-06-20,6.80529,naver,2026-06-23 10:54:39
생성형AI,2026-06-20,32.89224,naver,2026-06-23 10:54:39
정보보안,2026-06-20,2.45746,naver,2026-06-23 10:54:39
AI보안,2026-06-21,8.0,google,2026-06-23 10:59:40
기업보안,2026-06-21,2.0,google,2026-06-23 10:59:40
사이버보안,2026-06-21,4.0,google,2026-06-23 10:59:40
생성형AI,2026-06-21,17.0,google,2026-06-23 10:59:40
정보보안,2026-06-21,18.0,google,2026-06-23 10:59:40
AI보안,2026-06-21,3.96975,naver,2026-06-23 10:54:39
사이버보안,2026-06-21,4.15879,naver,2026-06-23 10:54:39
생성형AI,2026-06-21,35.91682,naver,2026-06-23 10:54:39
정보보안,2026-06-21,1.51228,naver,2026-06-23 10:54:39
AI보안,2026-06-22,10.0,google,2026-06-23 10:59:40
기업보안,2026-06-22,3.0,google,2026-06-23 10:59:40
사이버보안,2026-06-22,9.0,google,2026-06-23 10:59:40
생성형AI,2026-06-22,24.0,google,2026-06-23 10:59:40
정보보안,2026-06-22,41.0,google,2026-06-23 10:59:40
AI보안,2026-06-22,9.45179,naver,2026-06-23 10:54:39
사이버보안,2026-06-22,11.53119,naver,2026-06-23 10:54:39
생성형AI,2026-06-22,69.56521,naver,2026-06-23 10:54:39
정보보안,2026-06-22,7.9395,naver,2026-06-23 10:54:39
AI보안,2026-06-23,20.0,google,2026-06-23 10:59:40
기업보안,2026-06-23,0.0,google,2026-06-23 10:59:40
사이버보안,2026-06-23,9.0,google,2026-06-23 10:59:40
생성형AI,2026-06-23,47.0,google,2026-06-23 10:59:40
정보보안,2026-06-23,43.0,google,2026-06-23 10:59:40
AI보안,2026-06-23,8.88468,naver,2026-06-24 10:37:31
정보보안,2026-06-23,7.75047,naver,2026-06-24 10:37:31
사이버보안,2026-06-23,13.98865,naver,2026-06-24 10:37:31
생성형AI,2026-06-23,96.78638,naver,2026-06-24 10:37:31
AI보안,2026-06-24,11.0,google,2026-06-24 10:37:32
정보보안,2026-06-24,32.0,google,2026-06-24 10:37:32
기업보안,2026-06-24,3.0,google,2026-06-24 10:37:32
사이버보안,2026-06-24,9.0,google,2026-06-24 10:37:32
생성형AI,2026-06-24,22.0,google,2026-06-24 10:37:32
AI보안,2026-06-24,6.99432,naver,2026-06-25 10:30:19
정보보안,2026-06-24,5.67107,naver,2026-06-25 10:30:19
사이버보안,2026-06-24,10.0189,naver,2026-06-25 10:30:19
생성형AI,2026-06-24,78.26086,naver,2026-06-25 10:30:19
